,,http://www.scottishairquality.scot/data/emissions,,,,,
,,,,,,,
Year,Local Authority Area,Registered Company Name (Site Name),Site Company Name,Industry Sector,Pollutant Name,Total Emission,Return Availability
2018,Aberdeenshire,W S Eggs Limited. Mains of Woodstone Free Range Egg Farm,Mains of Woodstone FRE Farm St Cyrus Montrose DD10 0DF,7(a).i,Nitrous oxide,-,Not Yet Submitted
2018,Aberdeenshire,W S Eggs Limited. Mains of Woodstone Free Range Egg Farm,Mains of Woodstone FRE Farm St Cyrus Montrose DD10 0DF,7(a).i,Methane,-,Not Yet Submitted
2018,Aberdeenshire,National Grid Gas Plc. Aberdeen Compressor Station Garlogie,Garrick Garlogie Westhill Aberdeenshire AB32 6US,1(c),Carbon dioxide,-,Not Yet Submitted
2018,Aberdeenshire,National Grid Gas Plc. Aberdeen Compressor Station Garlogie,Garrick Garlogie Westhill Aberdeenshire AB32 6US,1(c),Methane,-,Not Yet Submitted
2018,Aberdeenshire,Wood Group UK Limited. Sage Gas Terminal St Fergus Peterhead,North Pittenhead Road St Fergus Peterhead Aberdeenshire AB42 3EP,1(a),Carbon dioxide,-,Not Yet Submitted
2018,Aberdeenshire,Wood Group UK Limited. Sage Gas Terminal St Fergus Peterhead,North Pittenhead Road St Fergus Peterhead Aberdeenshire AB42 3EP,1(a),Methane,-,Not Yet Submitted
2018,Aberdeen City,Arjo Wiggins Fine Papers Ltd. Stoneywood Mill Bucksburn Aberdeen,Stoneywood Terrace Stoneywood Bucksburn Aberdeen AB21 9AB,6(b),Carbon dioxide,-,Not Yet Submitted
2018,Aberdeenshire,WRG Waste Services Limited. Wester Hatton L/F Site Balmedie Aberdeen,Wester Hatton Balmedie Aberdeenshire AB23 8YX,5(d),Carbon dioxide,-,Not Yet Submitted
2018,Aberdeenshire,WRG Waste Services Limited. Wester Hatton L/F Site Balmedie Aberdeen,Wester Hatton Balmedie Aberdeenshire AB23 8YX,5(d),Methane,-,Not Yet Submitted
2018,Aberdeenshire,WRG Waste Services Limited. Wester Hatton L/F Site Balmedie Aberdeen,Wester Hatton Balmedie Aberdeenshire AB23 8YX,5(d),Hydrofluorocarbons (HFCs),-,Not Yet Submitted
2018,Aberdeenshire,WRG Waste Services Limited. Wester Hatton L/F Site Balmedie Aberdeen,Wester Hatton Balmedie Aberdeenshire AB23 8YX,5(d),Perfluorocarbons (PFCs),-,Not Yet Submitted
2018,Aberdeen City,Kelda Water Services (Grampian) Ltd. Nigg STW Aberdeen,Coast Road Nigg Bay Aberdeen AB12 3LT,5(f).ii,Carbon dioxide,-,Not Yet Submitted
2018,Aberdeen City,Kelda Water Services (Grampian) Ltd. Nigg STW Aberdeen,Coast Road Nigg Bay Aberdeen AB12 3LT,5(f).ii,Nitrous oxide,-,Not Yet Submitted
2018,Aberdeen City,Kelda Water Services (Grampian) Ltd. Nigg STW Aberdeen,Coast Road Nigg Bay Aberdeen AB12 3LT,5(f).ii,Methane,-,Not Yet Submitted
2018,Aberdeenshire,Kelda Water Services (Grampian) Ltd. Fraserburgh STW Phingask Fraserburgh,Phingask Fraserburgh Aberdeenshire AB43 7EE,5(f).i,Methane,-,Not Yet Submitted
2018,Aberdeenshire,Neerock Limited. Turriff Abattoir Markethill,Markethill Industrial Estate Turriff Aberdeenshire AB53 4PA,8(a),Hydrofluorocarbons (HFCs),-,Not Yet Submitted
2018,Aberdeenshire,Neerock Limited. Turriff Abattoir Markethill,Markethill Industrial Estate Turriff Aberdeenshire AB53 4PA,8(a),Carbon dioxide,-,Not Yet Submitted
2018,Aberdeenshire,Karro Food Ltd. Brydock Mill Alvah Banff,Brydock Mill Kirktown of Alvah Banff Aberdeenshire AB45 3TX,8(b).ii,Carbon dioxide,-,Not Yet Submitted
2018,Aberdeenshire,Karro Food Ltd. Brydock Mill Alvah Banff,Brydock Mill Kirktown of Alvah Banff Aberdeenshire AB45 3TX,8(b).ii,Nitrous oxide,-,Not Yet Submitted
2018,Aberdeenshire,Karro Food Ltd. Brydock Mill Alvah Banff,Brydock Mill Kirktown of Alvah Banff Aberdeenshire AB45 3TX,8(b).ii,Methane,-,Not Yet Submitted
2018,Aberdeenshire,Scotbeef Limited. Scot Beef Inverurie,North Street INVERURIE Aberdeenshire AB51 4TL,8(a),Carbon dioxide,-,Not Yet Submitted
2018,Aberdeenshire,Scotbeef Limited. Scot Beef Inverurie,North Street INVERURIE Aberdeenshire AB51 4TL,8(a),Nitrous oxide,-,Not Yet Submitted
2018,Aberdeenshire,Scotbeef Limited. Scot Beef Inverurie,North Street INVERURIE Aberdeenshire AB51 4TL,8(a),Methane,-,Not Yet Submitted
2018,Aberdeenshire,Scotbeef Limited. Scot Beef Inverurie,North Street INVERURIE Aberdeenshire AB51 4TL,8(a),Hydrofluorocarbons (HFCs),-,Not Yet Submitted
2018,Aberdeenshire,Suez Recycling & Recovery Ltd. Stoneyhill Environ Pk Peterhead Aberdeen,Stoneyhill Environmental Park Stoneyhill Peterhead Aberdeenshire AB42 0PR,5(d),Carbon dioxide,-,Not Yet Submitted
2018,Aberdeenshire,Suez Recycling & Recovery Ltd. Stoneyhill Environ Pk Peterhead Aberdeen,Stoneyhill Environmental Park Stoneyhill Peterhead Aberdeenshire AB42 0PR,5(d),Methane,-,Not Yet Submitted
2018,Aberdeenshire,Easter Hatton Environmental (Waste Away) Ltd. Easter Hatton Environment Balmedie Aberdeen,Easter Hatton Farm Balmedie Aberdeenshire AB23 8YY,5(d),Carbon dioxide,-,Not Yet Submitted
2018,Aberdeenshire,Easter Hatton Environmental (Waste Away) Ltd. Easter Hatton Environment Balmedie Aberdeen,Easter Hatton Farm Balmedie Aberdeenshire AB23 8YY,5(d),Nitrous oxide,-,Not Yet Submitted
2018,Aberdeenshire,Easter Hatton Environmental (Waste Away) Ltd. Easter Hatton Environment Balmedie Aberdeen,Easter Hatton Farm Balmedie Aberdeenshire AB23 8YY,5(d),Methane,-,Not Yet Submitted
2018,Aberdeenshire,Kelda Water Services (Grampian) Ltd. Peterhead STW Burnhaven Peterhead,Peterhead STW Burnhaven Peterhead AB42 0YX,5(f).ii,Carbon dioxide,-,Not Yet Submitted
2018,Aberdeenshire,Kelda Water Services (Grampian) Ltd. Peterhead STW Burnhaven Peterhead,Peterhead STW Burnhaven Peterhead AB42 0YX,5(f).ii,Methane,-,Not Yet Submitted
2018,Aberdeenshire,Lothian Shelf (731) Limited. Zhuorim TTR UK Markethill Rd Aberdeen,Markethill Road East Markethill Industrial Estate Turriff Aberdeenshire AB53 4AW,9(c),Carbon dioxide,-,Not Yet Submitted
2018,Aberdeenshire,Aberdeenshire Council. Crows Nest L/FRaemoir RdBanchoryAberdeen,Raemoir Road Upper Lochton Banchory Aberdeenshire AB31 4EQ,5(d),Methane,-,Not Yet Agreed
2018,Aberdeenshire,Aberdeenshire Council Infrastructure - Waste Management Disposal. Brandon Howe L/F Site Inverboyndie Banff,Brandon Howe Inverboyndie Banff Aberdeenshire AB45 2DS,5(d),Carbon dioxide,-,Not Yet Submitted
2018,Aberdeenshire,Aberdeenshire Council Infrastructure - Waste Management Disposal. Brandon Howe L/F Site Inverboyndie Banff,Brandon Howe Inverboyndie Banff Aberdeenshire AB45 2DS,5(d),Methane,-,Not Yet Submitted
2018,Aberdeenshire,Aberdeenshire Council Infrastructure - Waste Management Disposal. Brandon Howe L/F Site Inverboyndie Banff,Brandon Howe Inverboyndie Banff Aberdeenshire AB45 2DS,5(d),Hydrofluorocarbons (HFCs),-,Not Yet Submitted
2018,Aberdeenshire,Aberdeenshire Council Infrastructure - Waste Management Disposal. Brandon Howe L/F Site Inverboyndie Banff,Brandon Howe Inverboyndie Banff Aberdeenshire AB45 2DS,5(d),Perfluorocarbons (PFCs),-,Not Yet Submitted
2018,Aberdeen City,Kelda Water Services (Grampian) Ltd. Persley STW Persley Aberdeen,Laurel Drive Persley Aberdeen Aberdeenshire AB22 8AQ,5(f).i,Carbon dioxide,-,Not Yet Submitted
2018,Aberdeen City,Kelda Water Services (Grampian) Ltd. Persley STW Persley Aberdeen,Laurel Drive Persley Aberdeen Aberdeenshire AB22 8AQ,5(f).i,Methane,-,Not Yet Submitted
2018,Aberdeenshire,Scottish Water. Inverurie (New) STW Keithhall Rd Inverurie,Keithhall Road The Stanners Inverurie Aberdeenshire AB51 0LU,5(f).i,Methane,-,Not Yet Submitted
2018,Aberdeen City,Suez Recycling & Recovery North East Ltd. Hill of Tramaud Landfill Harehill Aberdeen,Harehill Bridge of Don Aberdeen Aberdeenshire AB23 8BQ,5(d),Methane,-,Not Yet Submitted
2018,Aberdeenshire,Aberdeenshire Council. Portlethen Household Recycling Centre,Badentory Industrial Estate Portlethen AB12 4YF,5(a),Carbon dioxide,-,Not Yet Submitted
2018,Aberdeenshire,Aberdeenshire Council. Portlethen Household Recycling Centre,Badentory Industrial Estate Portlethen AB12 4YF,5(a),Nitrous oxide,-,Not Yet Submitted
2018,Aberdeenshire,Aberdeenshire Council. Portlethen Household Recycling Centre,Badentory Industrial Estate Portlethen AB12 4YF,5(a),Sulphur hexafluoride,-,Not Yet Submitted
2018,Aberdeenshire,Aberdeenshire Council. Portlethen Household Recycling Centre,Badentory Industrial Estate Portlethen AB12 4YF,5(a),Methane,-,Not Yet Submitted
2018,Aberdeenshire,Aberdeenshire Council. Portlethen Household Recycling Centre,Badentory Industrial Estate Portlethen AB12 4YF,5(a),Hydrofluorocarbons (HFCs),-,Not Yet Submitted
2018,Aberdeenshire,Aberdeenshire Council. Portlethen Household Recycling Centre,Badentory Industrial Estate Portlethen AB12 4YF,5(a),Perfluorocarbons (PFCs),-,Not Yet Submitted
2018,Aberdeenshire,Aberdeenshire Council. Inverboyndie Transfer Station Inverboyndie,INVERBOYNDIE TRANSTER STATION INVERBOYNDIE ,5(a),Carbon dioxide,-,Not Yet Submitted
2018,Aberdeenshire,Aberdeenshire Council. Inverboyndie Transfer Station Inverboyndie,INVERBOYNDIE TRANSTER STATION INVERBOYNDIE ,5(a),Nitrous oxide,-,Not Yet Submitted
2018,Aberdeenshire,Aberdeenshire Council. Inverboyndie Transfer Station Inverboyndie,INVERBOYNDIE TRANSTER STATION INVERBOYNDIE ,5(a),Sulphur hexafluoride,-,Not Yet Submitted
2018,Aberdeenshire,Aberdeenshire Council. Inverboyndie Transfer Station Inverboyndie,INVERBOYNDIE TRANSTER STATION INVERBOYNDIE ,5(a),Methane,-,Not Yet Submitted
2018,Aberdeenshire,Aberdeenshire Council. Inverboyndie Transfer Station Inverboyndie,INVERBOYNDIE TRANSTER STATION INVERBOYNDIE ,5(a),Hydrofluorocarbons (HFCs),-,Not Yet Submitted
2018,Aberdeenshire,Aberdeenshire Council. Inverboyndie Transfer Station Inverboyndie,INVERBOYNDIE TRANSTER STATION INVERBOYNDIE ,5(a),Perfluorocarbons (PFCs),-,Not Yet Submitted
2018,Aberdeenshire,Aberdeenshire Council. Kirkhill Waste Transfer Station,Kininmonth Mintlaw Peterhead Aberdeenshire AB42 4HY,5(c),Carbon dioxide,-,Not Yet Submitted
2018,Aberdeenshire,Aberdeenshire Council. Kirkhill Waste Transfer Station,Kininmonth Mintlaw Peterhead Aberdeenshire AB42 4HY,5(c),Nitrous oxide,-,Not Yet Submitted
2018,Aberdeenshire,Aberdeenshire Council. Kirkhill Waste Transfer Station,Kininmonth Mintlaw Peterhead Aberdeenshire AB42 4HY,5(c),Sulphur hexafluoride,-,Not Yet Submitted
2018,Aberdeenshire,Aberdeenshire Council. Kirkhill Waste Transfer Station,Kininmonth Mintlaw Peterhead Aberdeenshire AB42 4HY,5(c),Methane,-,Not Yet Submitted
2018,Aberdeenshire,Aberdeenshire Council. Kirkhill Waste Transfer Station,Kininmonth Mintlaw Peterhead Aberdeenshire AB42 4HY,5(c),Hydrofluorocarbons (HFCs),-,Not Yet Submitted
2018,Aberdeen City,Scotoil Services Limited. Scotoil Waste Transfer Facility,Miller Street Aberdeen AB11 5AN,5(a),Carbon dioxide,-,Not Yet Submitted
2018,Aberdeen City,Scotoil Services Limited. Scotoil Waste Transfer Facility,Miller Street Aberdeen AB11 5AN,5(a),Nitrous oxide,-,Not Yet Submitted
2018,Aberdeen City,Scotoil Services Limited. Scotoil Waste Transfer Facility,Miller Street Aberdeen AB11 5AN,5(a),Sulphur hexafluoride,-,Not Yet Submitted
2018,Aberdeen City,Scotoil Services Limited. Scotoil Waste Transfer Facility,Miller Street Aberdeen AB11 5AN,5(a),Methane,-,Not Yet Submitted
2018,Aberdeen City,Scotoil Services Limited. Scotoil Waste Transfer Facility,Miller Street Aberdeen AB11 5AN,5(a),Hydrofluorocarbons (HFCs),-,Not Yet Submitted
2018,Aberdeen City,Scotoil Services Limited. Scotoil Waste Transfer Facility,Miller Street Aberdeen AB11 5AN,5(a),Perfluorocarbons (PFCs),-,Not Yet Submitted
2018,Aberdeenshire,William Laird & Co. Whitecairns Farm New Deer Turriff,Whitecairns New Deer Turriff Aberdeenahire AB53 6UU,7(a).ii,Methane,-,Not Yet Submitted
2018,Aberdeenshire,C J Grant & Partner Limited. Little Skillymarno Poultry Facility Strichen,Little Skillymarno Strichen Aberdeenshire AB43 6TD,7(a).i,Methane,-,Not Yet Submitted
2018,Aberdeenshire,Keenan (Recycling) Ltd. Keenans Hillhead of Auchreddie New Deer,Hillhead of Auchreddie New Deer Turriff AB53 6YH,5(a),Carbon dioxide,-,Not Yet Submitted
2018,Aberdeenshire,Keenan (Recycling) Ltd. Keenans Hillhead of Auchreddie New Deer,Hillhead of Auchreddie New Deer Turriff AB53 6YH,5(a),Nitrous oxide,-,Not Yet Submitted
2018,Aberdeenshire,Keenan (Recycling) Ltd. Keenans Hillhead of Auchreddie New Deer,Hillhead of Auchreddie New Deer Turriff AB53 6YH,5(a),Sulphur hexafluoride,-,Not Yet Submitted
2018,Aberdeenshire,Keenan (Recycling) Ltd. Keenans Hillhead of Auchreddie New Deer,Hillhead of Auchreddie New Deer Turriff AB53 6YH,5(a),Methane,-,Not Yet Submitted
2018,Aberdeenshire,Keenan (Recycling) Ltd. Keenans Hillhead of Auchreddie New Deer,Hillhead of Auchreddie New Deer Turriff AB53 6YH,5(a),Hydrofluorocarbons (HFCs),-,Not Yet Submitted
2018,Aberdeenshire,Keenan (Recycling) Ltd. Keenans Hillhead of Auchreddie New Deer,Hillhead of Auchreddie New Deer Turriff AB53 6YH,5(a),Perfluorocarbons (PFCs),-,Not Yet Submitted
2018,Aberdeenshire,GILLS PARTNERSHIP. Mains of Benholm Poultry Farm Montrose,MAINS OF BENHOLM BENHOLM MONTROSE DD10 0HX,7(a).i,Methane,-,Not Yet Submitted
2018,Aberdeenshire,R & H Hay. Newstead Cuminestown Turriff,Newstead Cuminestown Turriff AB53 5YY,7(a).i,Methane,-,Not Yet Submitted
2018,Aberdeenshire,East Coast Viners Grain LLP. East Coast Viners Grain,Broadwood Drumlithie Stonehaven AB39 3XA,8(b).ii,Carbon dioxide,-,Not Yet Submitted
2018,Aberdeenshire,East Coast Viners Grain LLP. East Coast Viners Grain,Broadwood Drumlithie Stonehaven AB39 3XA,8(b).ii,Methane,-,Not Yet Submitted
2018,Aberdeenshire,Macduff Shipyards Ltd. Macduff Shipyards,MACDUFF SLIPWAY & SPENDING BEACH THE HARBOUR MACDUFF ,5(c),Carbon dioxide,-,Not Yet Submitted
2018,Aberdeenshire,Macduff Shipyards Ltd. Macduff Shipyards,MACDUFF SLIPWAY & SPENDING BEACH THE HARBOUR MACDUFF ,5(c),Nitrous oxide,-,Not Yet Submitted
2018,Aberdeenshire,Macduff Shipyards Ltd. Macduff Shipyards,MACDUFF SLIPWAY & SPENDING BEACH THE HARBOUR MACDUFF ,5(c),Sulphur hexafluoride,-,Not Yet Submitted
2018,Aberdeenshire,Macduff Shipyards Ltd. Macduff Shipyards,MACDUFF SLIPWAY & SPENDING BEACH THE HARBOUR MACDUFF ,5(c),Methane,-,Not Yet Submitted
2018,Aberdeenshire,Macduff Shipyards Ltd. Macduff Shipyards,MACDUFF SLIPWAY & SPENDING BEACH THE HARBOUR MACDUFF ,5(c),Hydrofluorocarbons (HFCs),-,Not Yet Submitted
2018,Aberdeenshire,Inverurie Skip Hire Limited. Causewayfold Meikle Wartle Inverurie,CAUSEWAYFOLD MEIKLE WARTLE OLDMELDRUM INVERURIE AB51 5AU,5(a),Carbon dioxide,-,Not Yet Submitted
2018,Aberdeenshire,Inverurie Skip Hire Limited. Causewayfold Meikle Wartle Inverurie,CAUSEWAYFOLD MEIKLE WARTLE OLDMELDRUM INVERURIE AB51 5AU,5(a),Nitrous oxide,-,Not Yet Submitted
2018,Aberdeenshire,Inverurie Skip Hire Limited. Causewayfold Meikle Wartle Inverurie,CAUSEWAYFOLD MEIKLE WARTLE OLDMELDRUM INVERURIE AB51 5AU,5(a),Sulphur hexafluoride,-,Not Yet Submitted
2018,Aberdeenshire,Inverurie Skip Hire Limited. Causewayfold Meikle Wartle Inverurie,CAUSEWAYFOLD MEIKLE WARTLE OLDMELDRUM INVERURIE AB51 5AU,5(a),Methane,-,Not Yet Submitted
2018,Aberdeenshire,Inverurie Skip Hire Limited. Causewayfold Meikle Wartle Inverurie,CAUSEWAYFOLD MEIKLE WARTLE OLDMELDRUM INVERURIE AB51 5AU,5(a),Hydrofluorocarbons (HFCs),-,Not Yet Submitted
2018,Aberdeenshire,Inverurie Skip Hire Limited. Causewayfold Meikle Wartle Inverurie,CAUSEWAYFOLD MEIKLE WARTLE OLDMELDRUM INVERURIE AB51 5AU,5(a),Perfluorocarbons (PFCs),-,Not Yet Submitted
2018,Aberdeenshire,Powar Developments Ltd. MBM Warehouse Fordoun Laurencekirk,FORDOUN FORDOUN LAURENCEKIRK AB30 1NN,5(c),Carbon dioxide,-,Not Yet Submitted
2018,Aberdeenshire,Powar Developments Ltd. MBM Warehouse Fordoun Laurencekirk,FORDOUN FORDOUN LAURENCEKIRK AB30 1NN,5(c),Nitrous oxide,-,Not Yet Submitted
2018,Aberdeenshire,Powar Developments Ltd. MBM Warehouse Fordoun Laurencekirk,FORDOUN FORDOUN LAURENCEKIRK AB30 1NN,5(c),Sulphur hexafluoride,-,Not Yet Submitted
2018,Aberdeenshire,Powar Developments Ltd. MBM Warehouse Fordoun Laurencekirk,FORDOUN FORDOUN LAURENCEKIRK AB30 1NN,5(c),Methane,-,Not Yet Submitted
2018,Aberdeenshire,Powar Developments Ltd. MBM Warehouse Fordoun Laurencekirk,FORDOUN FORDOUN LAURENCEKIRK AB30 1NN,5(c),Hydrofluorocarbons (HFCs),-,Not Yet Submitted
2018,Aberdeenshire,Alisrose Limited. Alisrose North Base Keith Inch Peterhead,ALISROSE NORTH BASE KEITH INSCH PETERHEAD ,5(c),Carbon dioxide,-,Not Yet Submitted
2018,Aberdeenshire,Alisrose Limited. Alisrose North Base Keith Inch Peterhead,ALISROSE NORTH BASE KEITH INSCH PETERHEAD ,5(c),Nitrous oxide,-,Not Yet Submitted
2018,Aberdeenshire,Alisrose Limited. Alisrose North Base Keith Inch Peterhead,ALISROSE NORTH BASE KEITH INSCH PETERHEAD ,5(c),Sulphur hexafluoride,-,Not Yet Submitted
2018,Aberdeenshire,Alisrose Limited. Alisrose North Base Keith Inch Peterhead,ALISROSE NORTH BASE KEITH INSCH PETERHEAD ,5(c),Methane,-,Not Yet Submitted
2018,Aberdeenshire,Alisrose Limited. Alisrose North Base Keith Inch Peterhead,ALISROSE NORTH BASE KEITH INSCH PETERHEAD ,5(c),Hydrofluorocarbons (HFCs),-,Not Yet Submitted
2018,Aberdeenshire,Aberdeenshire Council. Crows Nest Recycling Centre Banchory,Crows Nest Recycling Centre Banchory AB31 4TQ,5(a),Perfluorocarbons (PFCs),-,Not Yet Submitted
2018,Aberdeenshire,Aberdeenshire Council. Redcloak Farm Stonehaven,Redcloak Farm Stonehaven AB39 3SS,5(a),Perfluorocarbons (PFCs),-,Not Yet Submitted
2018,Aberdeenshire,Aberdeenshire Council. Steven Road Transfer Station,Steven Road Huntly ,5(c),Carbon dioxide,-,Not Yet Submitted
2018,Aberdeenshire,Aberdeenshire Council. Steven Road Transfer Station,Steven Road Huntly ,5(c),Nitrous oxide,-,Not Yet Submitted
2018,Aberdeenshire,Aberdeenshire Council. Steven Road Transfer Station,Steven Road Huntly ,5(c),Sulphur hexafluoride,-,Not Yet Submitted
2018,Aberdeenshire,Aberdeenshire Council. Steven Road Transfer Station,Steven Road Huntly ,5(c),Methane,-,Not Yet Submitted
2018,Aberdeenshire,Aberdeenshire Council. Steven Road Transfer Station,Steven Road Huntly ,5(c),Hydrofluorocarbons (HFCs),-,Not Yet Submitted
2018,Aberdeenshire,Northburn Oils Limited. Northburn Oils Ltd Aberdeen,NORTHBURN OILS LIMITED BLACKDOG CENTRE BRIDGE OF DON ABERDEEN AB23 8BT,5(a),Hydrofluorocarbons (HFCs),-,Not Yet Submitted
2018,Aberdeenshire,Northburn Oils Limited. Northburn Oils Ltd Aberdeen,NORTHBURN OILS LIMITED BLACKDOG CENTRE BRIDGE OF DON ABERDEEN AB23 8BT,5(a),Carbon dioxide,-,Not Yet Submitted
2018,Aberdeenshire,Northburn Oils Limited. Northburn Oils Ltd Aberdeen,NORTHBURN OILS LIMITED BLACKDOG CENTRE BRIDGE OF DON ABERDEEN AB23 8BT,5(a),Nitrous oxide,-,Not Yet Submitted
2018,Aberdeenshire,Northburn Oils Limited. Northburn Oils Ltd Aberdeen,NORTHBURN OILS LIMITED BLACKDOG CENTRE BRIDGE OF DON ABERDEEN AB23 8BT,5(a),Sulphur hexafluoride,-,Not Yet Submitted
2018,Aberdeenshire,Northburn Oils Limited. Northburn Oils Ltd Aberdeen,NORTHBURN OILS LIMITED BLACKDOG CENTRE BRIDGE OF DON ABERDEEN AB23 8BT,5(a),Methane,-,Not Yet Submitted
2018,Aberdeenshire,ABERDEENSHIRE COUNCIL. Ellon Waste Transfer Station Ellon,Ellon Waste Transfer Station Balmacassie Ellon ,5(a),Perfluorocarbons (PFCs),-,Not Yet Submitted
2018,Aberdeenshire,Northburn Oils Limited. Northburn Oils Ltd Aberdeen,NORTHBURN OILS LIMITED BLACKDOG CENTRE BRIDGE OF DON ABERDEEN AB23 8BT,5(a),Perfluorocarbons (PFCs),-,Not Yet Submitted
2018,Aberdeen City,SITA North East Limited. East Tullos Refuse Treatment Plant Aberdeen,EAST TULLOS REFUSE TREATMENT PLANT Greenbank Crescent East Tullos Aberdeen ,5(a),Perfluorocarbons (PFCs),-,Not Yet Submitted
2018,Aberdeen City,SITA North East Limited. Sclatti Quarry Treatment Plant  Bucksburn,SCLATTI REFUSE TREATMENT PLANT BANKHEAD INDUSTRIAL ESTATE BUCKSBURN Aberdeen ,5(a),Perfluorocarbons (PFCs),-,Not Yet Submitted
2018,Aberdeenshire,William Nicol (Aberdeen) Limited. Wm Nicol (Aberdeen) Limited,Badentoy Crescent Badentoy Industrial Park Portlethen Aberdeen AB12 4YT,5(a),Carbon dioxide,-,Not Yet Submitted
2018,Aberdeenshire,William Nicol (Aberdeen) Limited. Wm Nicol (Aberdeen) Limited,Badentoy Crescent Badentoy Industrial Park Portlethen Aberdeen AB12 4YT,5(a),Methane,-,Not Yet Submitted
2018,Aberdeenshire,John Rennie & Sons (Farmers) Limited. Biogask Gask Turriff AB53 8BP,Biogask Gask Turriff AB53 8BP,5(e),Carbon dioxide,-,Not Yet Submitted
2018,Aberdeenshire,John Rennie & Sons (Farmers) Limited. Biogask Gask Turriff AB53 8BP,Biogask Gask Turriff AB53 8BP,5(e),Methane,-,Not Yet Submitted
2018,Aberdeenshire,D W Argo A firm. Brigstanes Farm Stonehaven,Roadside of Catterline Stonehaven Aberdeenshire AB39Â 2UA,7(a).ii,Methane,-,Not Yet Agreed
2018,Aberdeenshire,R & H Hay. Luncarty Poultry Farm Turriff Aberdeen,Luncarty Turriff Aberdeenshire AB53 4NU,7(a).i,Carbon dioxide,-,Not Yet Submitted
2018,Aberdeenshire,Aberdeen & Northern Eggs Limited. West Cockmuir Farm Fraserburgh,Cockmuir Strichen Fraserburgh Aberdeenshire AB43 6RQ,7(a).i,Methane,-,Not Yet Submitted
2018,Aberdeenshire,Pitmillan Farms Limited. Messrs GTG Shepherd Pitmillan Farm Ellon,Pitmillan Newburgh Ellon Aberdeenshire AB41 6AL,7(a).ii,Methane,-,Not Yet Agreed
2018,Aberdeenshire,Messrs J M Gilbert. Messrs JM Womblehill Kintore Inverurie,Kintore Inverurie Aberdeenshire AB51 0XJ,7(a).ii,Methane,-,Not Yet Submitted
2018,Aberdeenshire,John I Forbes. Crowhillock Piggery Kinneff,Kinneff Inverbervie Montrose Angus DD10 0TL,7(a).ii,Methane,-,Not Yet Submitted
2018,Aberdeenshire,John I Forbes. Crowhillock Piggery Kinneff,Kinneff Inverbervie Montrose Angus DD10 0TL,7(a).ii,Carbon dioxide,-,Not Yet Submitted
2018,Aberdeenshire,Rattlerow Scotland Limited. Mosstown Kirktown of Alvah Banff,Mosstown Farm Kirktown of Alvah Banff Aberdeenshire AB45 3BX,7(a).ii,Methane,-,Not Yet Agreed
2018,Aberdeenshire,Duncan Farms Limited. Newton of Fortrie Fortrie Turriff Aberdeen,Fortrie Turriff Aberdeenshire AB35 4HG,7(a).i,Methane,-,Not Yet Agreed
2018,Aberdeenshire,D W Argo A firm. D W Argo Ellismoss Farm Kinellar Aberdeen,Muir of Kinellar Kintore Aberdeen AB21 0SE,7(a).ii,Methane,-,Not Yet Agreed
2018,Aberdeenshire,Carden Livestock Co. Carden Livestock Mill of Carden Inverurie,Mill of Carden Pitcaple Inverurie Aberdeenshire AB51 5HP,7(a).ii,Methane,-,Not Yet Submitted
2018,Aberdeenshire,2 Sisters Red Meat Limited. McIntosh Donald Portlethen Aberdeen,COOKSTON ROAD Portlethen Aberdeen Aberdeenshire AB12 4QB,8(a),Carbon dioxide,-,Not Yet Submitted
2018,Aberdeenshire,PX Limited. PX Ltd St Fergus N.Sea Terminal Aberdeen,St Fergus Peterhead Aberdeenshire AB42 3EP,1(a),Carbon dioxide,-,Not Yet Agreed
2018,Aberdeenshire,PX Limited. PX Ltd St Fergus N.Sea Terminal Aberdeen,St Fergus Peterhead Aberdeenshire AB42 3EP,1(a),Methane,-,Not Yet Agreed
2018,Aberdeenshire,Total Waste Management Alliance Plc. TWMA - Dales Ind Est Peterhead,Unit 12 Dales Industrial Estate Peterhead Aberdeenshire AB42 3JF,5(a),Carbon dioxide,-,Not Yet Submitted
2018,Aberdeenshire,Total Waste Management Alliance Plc. TWMA - Dales Ind Est Peterhead,Unit 12 Dales Industrial Estate Peterhead Aberdeenshire AB42 3JF,5(a),Nitrous oxide,-,Not Yet Submitted
2018,Aberdeenshire,Shell UK Limited. Shell UK Ltd St Fergus Gas Plant,St Fergus Gas Plant Peterhead Aberdeenshire AB42 6WJ,1(a),Carbon dioxide,-,Not Yet Submitted
2018,Aberdeenshire,Shell UK Limited. Shell UK Ltd St Fergus Gas Plant,St Fergus Gas Plant Peterhead Aberdeenshire AB42 6WJ,1(a),Nitrous oxide,-,Not Yet Submitted
2018,Aberdeenshire,Shell UK Limited. Shell UK Ltd St Fergus Gas Plant,St Fergus Gas Plant Peterhead Aberdeenshire AB42 6WJ,1(a),Methane,-,Not Yet Submitted
2018,Aberdeenshire,SSE Generation Limited. SSE Gen Peterhead Power Station Peterhead,Boddam Peterhead Aberdeenshire AB42 3BZ,1(c),Hydrofluorocarbons (HFCs),-,Not Yet Submitted
2018,Aberdeenshire,SSE Generation Limited. SSE Gen Peterhead Power Station Peterhead,Boddam Peterhead Aberdeenshire AB42 3BZ,1(c),Carbon dioxide,-,Not Yet Submitted
2018,Aberdeenshire,SSE Generation Limited. SSE Gen Peterhead Power Station Peterhead,Boddam Peterhead Aberdeenshire AB42 3BZ,1(c),Nitrous oxide,-,Not Yet Submitted
2018,Aberdeenshire,SSE Generation Limited. SSE Gen Peterhead Power Station Peterhead,Boddam Peterhead Aberdeenshire AB42 3BZ,1(c),Methane,-,Not Yet Submitted
2018,Aberdeen City,National Oilwell Varco UK Limited. NOV ED Aberdeen,South Esplanade East Torry Aberdeen Aberdeenshire AB11 9PB,5(a),Carbon dioxide,-,Not Yet Submitted
2018,Aberdeenshire,National Grid Gas Plc. National Grid N.Sea Gas Terminal Peterhead,National Grid Gas Terminal St Fergus Peterhead Aberdeenshire AB42 3EP,1(c),Carbon dioxide,-,Not Yet Submitted
2018,Aberdeenshire,National Grid Gas Plc. National Grid N.Sea Gas Terminal Peterhead,National Grid Gas Terminal St Fergus Peterhead Aberdeenshire AB42 3EP,1(c),Methane,-,Not Yet Submitted
2018,Aberdeenshire,ABERDEENSHIRE COUNCIL. Ellon Waste Transfer Station Ellon,Ellon Waste Transfer Station Balmacassie Ellon ,5(a),Carbon dioxide,-,Not Yet Submitted
2018,Aberdeenshire,ABERDEENSHIRE COUNCIL. Ellon Waste Transfer Station Ellon,Ellon Waste Transfer Station Balmacassie Ellon ,5(a),Nitrous oxide,-,Not Yet Submitted
2018,Aberdeenshire,ABERDEENSHIRE COUNCIL. Ellon Waste Transfer Station Ellon,Ellon Waste Transfer Station Balmacassie Ellon ,5(a),Sulphur hexafluoride,-,Not Yet Submitted
2018,Aberdeenshire,ABERDEENSHIRE COUNCIL. Ellon Waste Transfer Station Ellon,Ellon Waste Transfer Station Balmacassie Ellon ,5(a),Methane,-,Not Yet Submitted
2018,Aberdeenshire,ABERDEENSHIRE COUNCIL. Ellon Waste Transfer Station Ellon,Ellon Waste Transfer Station Balmacassie Ellon ,5(a),Hydrofluorocarbons (HFCs),-,Not Yet Submitted
2018,Aberdeenshire,EIS Waste Services Ltd. EIS Waste Services Gallowhill,Gallowhill Checkbar Nigg Aberdeen ,5(a),Perfluorocarbons (PFCs),-,Not Yet Submitted
